UPDATE HORARIO SET CITAID = NULL;
TRUNCATE TABLE CITA;
TRUNCATE TABLE HORARIO;
TRUNCATE TABLE MEDICO_ESPECIALIDAD;
TRUNCATE TABLE ESPECIALIDAD;
TRUNCATE TABLE USUARIO;
TRUNCATE TABLE PERSONA;

INSERT INTO ESPECIALIDAD (ESPECIALIDADID, NOMBRE) VALUES (1000000, 'CARDIOLOGIA');
INSERT INTO ESPECIALIDAD (ESPECIALIDADID, NOMBRE) VALUES (1000001, 'HEMATOLOGIA');
INSERT INTO ESPECIALIDAD (ESPECIALIDADID, NOMBRE) VALUES (1000002, 'GASTROENTEROLOGIA');

INSERT INTO PERSONA (PERSONAID, NOMBRE, APELLIDOPATERNO, APELLIDOMATERNO, NRODOCUMENTO, FECHANACIMIENTO, NROCOLEGIATURA, TIPO)
VALUES (1000000, 'JORGE', 'CASANA', 'BEJARANO', '45842215', STR_TO_DATE('25/11/1975','%d/%m/%Y'), '07807', 'M');
INSERT INTO PERSONA (PERSONAID, NOMBRE, APELLIDOPATERNO, APELLIDOMATERNO, NRODOCUMENTO, FECHANACIMIENTO, NROCOLEGIATURA, TIPO)
VALUES (1000001, 'JAIME', 'ESPINOZA', 'SOLIS', '58479956', STR_TO_DATE('13/04/1980','%d/%m/%Y'), '75610', 'M');
INSERT INTO PERSONA (PERSONAID, NOMBRE, APELLIDOPATERNO, APELLIDOMATERNO, NRODOCUMENTO, FECHANACIMIENTO, NROCOLEGIATURA, TIPO)
VALUES (1000002, 'MIGUEL', 'SANCHEZ-PALACIOS', 'PAIVA', '51024875', STR_TO_DATE('02/01/1968','%d/%m/%Y'), '94025', 'M');
INSERT INTO PERSONA (PERSONAID, NOMBRE, APELLIDOPATERNO, APELLIDOMATERNO, NRODOCUMENTO, FECHANACIMIENTO, NROCOLEGIATURA, TIPO)
VALUES (1000003, 'JOSE', 'CARAVEDO', 'BAIGORRIA', '62354085', STR_TO_DATE('10/10/1973','%d/%m/%Y'), '22658', 'M');
INSERT INTO PERSONA (PERSONAID, NOMBRE, APELLIDOPATERNO, APELLIDOMATERNO, NRODOCUMENTO, FECHANACIMIENTO, NROCOLEGIATURA, TIPO)
VALUES (1000004, 'EDUARDO', 'BARRIGA', 'CALLE', '75124801', STR_TO_DATE('17/08/1977','%d/%m/%Y'), '02619', 'M');
INSERT INTO PERSONA (PERSONAID, NOMBRE, APELLIDOPATERNO, APELLIDOMATERNO, NRODOCUMENTO, FECHANACIMIENTO, NROCOLEGIATURA, TIPO)
VALUES (1000005, 'FERNANDO', 'SALAZAR', 'CABRERA', '02458619', STR_TO_DATE('06/06/1981','%d/%m/%Y'), '58460', 'M');

INSERT INTO MEDICO_ESPECIALIDAD (MEDICOID, ESPECIALIDADID) VALUES (1000000, 1000000);
INSERT INTO MEDICO_ESPECIALIDAD (MEDICOID, ESPECIALIDADID) VALUES (1000001, 1000000);
INSERT INTO MEDICO_ESPECIALIDAD (MEDICOID, ESPECIALIDADID) VALUES (1000002, 1000000);
INSERT INTO MEDICO_ESPECIALIDAD (MEDICOID, ESPECIALIDADID) VALUES (1000003, 1000001);
INSERT INTO MEDICO_ESPECIALIDAD (MEDICOID, ESPECIALIDADID) VALUES (1000004, 1000002);
INSERT INTO MEDICO_ESPECIALIDAD (MEDICOID, ESPECIALIDADID) VALUES (1000005, 1000002);
INSERT INTO MEDICO_ESPECIALIDAD (MEDICOID, ESPECIALIDADID) VALUES (1000005, 1000001);

INSERT INTO PERSONA (PERSONAID, NOMBRE, APELLIDOPATERNO, APELLIDOMATERNO, NRODOCUMENTO, FECHANACIMIENTO, PESO, ESTATURA, TIPO, RUTAFOTO)
VALUES (1000006, 'ALBERTO', 'FRANCO', 'GONZALEZ', '54128875', STR_TO_DATE('20/07/1984','%d/%m/%Y'), 78.5, 172, 'P', 'albertoFranco.jpg');
INSERT INTO PERSONA (PERSONAID, NOMBRE, APELLIDOPATERNO, APELLIDOMATERNO, NRODOCUMENTO, FECHANACIMIENTO, PESO, ESTATURA, TIPO, RUTAFOTO)
VALUES (1000007, 'SANDRA', 'VITTERI', 'FRANCO', '85469902', STR_TO_DATE('05/10/1981','%d/%m/%Y'), 65.0, 168, 'P', 'sandraVitteri.jpg');
INSERT INTO PERSONA (PERSONAID, NOMBRE, APELLIDOPATERNO, APELLIDOMATERNO, NRODOCUMENTO, FECHANACIMIENTO, PESO, ESTATURA, TIPO, RUTAFOTO)
VALUES (1000008, 'JUAN', 'MATZUNURA', 'KASANO', '02665402', STR_TO_DATE('14/03/1952','%d/%m/%Y'), 81.4, 170, 'P', 'juanMatzumura.jpg');
INSERT INTO PERSONA (PERSONAID, NOMBRE, APELLIDOPATERNO, APELLIDOMATERNO, NRODOCUMENTO, FECHANACIMIENTO, PESO, ESTATURA, TIPO, RUTAFOTO)
VALUES (1000009, 'CAROLINA', 'CHANG', 'VARGAS', '21006502', STR_TO_DATE('07/05/1960','%d/%m/%Y'), 57.8, 156, 'P', 'carolinaChang.jpg');
INSERT INTO PERSONA (PERSONAID, NOMBRE, APELLIDOPATERNO, APELLIDOMATERNO, NRODOCUMENTO, FECHANACIMIENTO, PESO, ESTATURA, TIPO, RUTAFOTO)
VALUES (1000010, 'ANA', 'TALAVERA', 'ESCOBAR', '65410087', STR_TO_DATE('27/11/1975','%d/%m/%Y'), 58.2, 162, 'P', 'anaTalavera.jpg');

INSERT INTO USUARIO (USUARIOID, USERNAME, PASSWORD, PERSONAID) VALUES (1000000, 'jorgeCasana', 'web', 1000000);
INSERT INTO USUARIO (USUARIOID, USERNAME, PASSWORD, PERSONAID) VALUES (1000001, 'jaimeEspinoza', 'web', 1000001);
INSERT INTO USUARIO (USUARIOID, USERNAME, PASSWORD, PERSONAID) VALUES (1000002, 'miguelSanchez', 'web', 1000002);
INSERT INTO USUARIO (USUARIOID, USERNAME, PASSWORD, PERSONAID) VALUES (1000003, 'joseCaravedo', 'web', 1000003);
INSERT INTO USUARIO (USUARIOID, USERNAME, PASSWORD, PERSONAID) VALUES (1000004, 'eduardoBarriga', 'web', 1000004);
INSERT INTO USUARIO (USUARIOID, USERNAME, PASSWORD, PERSONAID) VALUES (1000005, 'fernandoSalazar', 'web', 1000005);
INSERT INTO USUARIO (USUARIOID, USERNAME, PASSWORD, PERSONAID) VALUES (1000006, 'albertoFranco', 'web', 1000006);
INSERT INTO USUARIO (USUARIOID, USERNAME, PASSWORD, PERSONAID) VALUES (1000007, 'sandraVitteri', 'web', 1000007);
INSERT INTO USUARIO (USUARIOID, USERNAME, PASSWORD, PERSONAID) VALUES (1000008, 'juanMatzumura', 'web', 1000008);
INSERT INTO USUARIO (USUARIOID, USERNAME, PASSWORD, PERSONAID) VALUES (1000009, 'carolinaChang', 'web', 1000009);
INSERT INTO USUARIO (USUARIOID, USERNAME, PASSWORD, PERSONAID) VALUES (1000010, 'anaTalavera', 'web', 1000010);

INSERT INTO HORARIO (HORARIOID, FECHAINICIO, FECHAFIN, ESPECIALIDADID, MEDICOID)
VALUES (1000000, STR_TO_DATE('19/04/2010 09:00','%d/%m/%Y %H:%i'), STR_TO_DATE('19/04/2010 09:30','%d/%m/%Y %H:%i'), 1000000, 1000000);
INSERT INTO HORARIO (HORARIOID, FECHAINICIO, FECHAFIN, ESPECIALIDADID, MEDICOID)
VALUES (1000001, STR_TO_DATE('19/04/2010 09:30','%d/%m/%Y %H:%i'), STR_TO_DATE('19/04/2010 10:00','%d/%m/%Y %H:%i'), 1000000, 1000000);
INSERT INTO HORARIO (HORARIOID, FECHAINICIO, FECHAFIN, ESPECIALIDADID, MEDICOID)
VALUES (1000002, STR_TO_DATE('19/04/2010 10:00','%d/%m/%Y %H:%i'), STR_TO_DATE('19/04/2010 10:30','%d/%m/%Y %H:%i'), 1000000, 1000000);
INSERT INTO HORARIO (HORARIOID, FECHAINICIO, FECHAFIN, ESPECIALIDADID, MEDICOID)
VALUES (1000003, STR_TO_DATE('19/04/2010 10:30','%d/%m/%Y %H:%i'), STR_TO_DATE('19/04/2010 11:00','%d/%m/%Y %H:%i'), 1000000, 1000000);
INSERT INTO HORARIO (HORARIOID, FECHAINICIO, FECHAFIN, ESPECIALIDADID, MEDICOID)
VALUES (1000004, STR_TO_DATE('21/04/2010 09:00','%d/%m/%Y %H:%i'), STR_TO_DATE('21/04/2010 09:30','%d/%m/%Y %H:%i'), 1000000, 1000000);
INSERT INTO HORARIO (HORARIOID, FECHAINICIO, FECHAFIN, ESPECIALIDADID, MEDICOID)
VALUES (1000005, STR_TO_DATE('21/04/2010 09:30','%d/%m/%Y %H:%i'), STR_TO_DATE('21/04/2010 10:00','%d/%m/%Y %H:%i'), 1000000, 1000000);
INSERT INTO HORARIO (HORARIOID, FECHAINICIO, FECHAFIN, ESPECIALIDADID, MEDICOID)
VALUES (1000006, STR_TO_DATE('21/04/2010 10:00','%d/%m/%Y %H:%i'), STR_TO_DATE('21/04/2010 10:30','%d/%m/%Y %H:%i'), 1000000, 1000000);
INSERT INTO HORARIO (HORARIOID, FECHAINICIO, FECHAFIN, ESPECIALIDADID, MEDICOID)
VALUES (1000007, STR_TO_DATE('21/04/2010 10:30','%d/%m/%Y %H:%i'), STR_TO_DATE('21/04/2010 11:00','%d/%m/%Y %H:%i'), 1000000, 1000000);
INSERT INTO HORARIO (HORARIOID, FECHAINICIO, FECHAFIN, ESPECIALIDADID, MEDICOID)
VALUES (1000008, STR_TO_DATE('20/04/2010 15:00','%d/%m/%Y %H:%i'), STR_TO_DATE('20/04/2010 15:30','%d/%m/%Y %H:%i'), 1000000, 1000001);
INSERT INTO HORARIO (HORARIOID, FECHAINICIO, FECHAFIN, ESPECIALIDADID, MEDICOID)
VALUES (1000009, STR_TO_DATE('20/04/2010 15:30','%d/%m/%Y %H:%i'), STR_TO_DATE('20/04/2010 16:00','%d/%m/%Y %H:%i'), 1000000, 1000001);
INSERT INTO HORARIO (HORARIOID, FECHAINICIO, FECHAFIN, ESPECIALIDADID, MEDICOID)
VALUES (1000010, STR_TO_DATE('20/04/2010 16:00','%d/%m/%Y %H:%i'), STR_TO_DATE('20/04/2010 16:30','%d/%m/%Y %H:%i'), 1000000, 1000001);
INSERT INTO HORARIO (HORARIOID, FECHAINICIO, FECHAFIN, ESPECIALIDADID, MEDICOID)
VALUES (1000011, STR_TO_DATE('20/04/2010 16:30','%d/%m/%Y %H:%i'), STR_TO_DATE('20/04/2010 17:00','%d/%m/%Y %H:%i'), 1000000, 1000001);
INSERT INTO HORARIO (HORARIOID, FECHAINICIO, FECHAFIN, ESPECIALIDADID, MEDICOID)
VALUES (1000012, STR_TO_DATE('22/04/2010 15:00','%d/%m/%Y %H:%i'), STR_TO_DATE('22/04/2010 15:30','%d/%m/%Y %H:%i'), 1000000, 1000001);
INSERT INTO HORARIO (HORARIOID, FECHAINICIO, FECHAFIN, ESPECIALIDADID, MEDICOID)
VALUES (1000013, STR_TO_DATE('22/04/2010 15:30','%d/%m/%Y %H:%i'), STR_TO_DATE('22/04/2010 16:00','%d/%m/%Y %H:%i'), 1000000, 1000001);
INSERT INTO HORARIO (HORARIOID, FECHAINICIO, FECHAFIN, ESPECIALIDADID, MEDICOID)
VALUES (1000014, STR_TO_DATE('22/04/2010 16:00','%d/%m/%Y %H:%i'), STR_TO_DATE('22/04/2010 16:30','%d/%m/%Y %H:%i'), 1000000, 1000001);
INSERT INTO HORARIO (HORARIOID, FECHAINICIO, FECHAFIN, ESPECIALIDADID, MEDICOID)
VALUES (1000015, STR_TO_DATE('22/04/2010 16:30','%d/%m/%Y %H:%i'), STR_TO_DATE('22/04/2010 17:00','%d/%m/%Y %H:%i'), 1000000, 1000001);
INSERT INTO HORARIO (HORARIOID, FECHAINICIO, FECHAFIN, ESPECIALIDADID, MEDICOID)
VALUES (1000016, STR_TO_DATE('23/04/2010 09:00','%d/%m/%Y %H:%i'), STR_TO_DATE('23/04/2010 09:30','%d/%m/%Y %H:%i'), 1000000, 1000002);
INSERT INTO HORARIO (HORARIOID, FECHAINICIO, FECHAFIN, ESPECIALIDADID, MEDICOID)
VALUES (1000017, STR_TO_DATE('23/04/2010 09:30','%d/%m/%Y %H:%i'), STR_TO_DATE('23/04/2010 10:00','%d/%m/%Y %H:%i'), 1000000, 1000002);
INSERT INTO HORARIO (HORARIOID, FECHAINICIO, FECHAFIN, ESPECIALIDADID, MEDICOID)
VALUES (1000018, STR_TO_DATE('23/04/2010 10:00','%d/%m/%Y %H:%i'), STR_TO_DATE('23/04/2010 10:30','%d/%m/%Y %H:%i'), 1000000, 1000002);
INSERT INTO HORARIO (HORARIOID, FECHAINICIO, FECHAFIN, ESPECIALIDADID, MEDICOID)
VALUES (1000019, STR_TO_DATE('23/04/2010 10:30','%d/%m/%Y %H:%i'), STR_TO_DATE('23/04/2010 11:00','%d/%m/%Y %H:%i'), 1000000, 1000002);
INSERT INTO HORARIO (HORARIOID, FECHAINICIO, FECHAFIN, ESPECIALIDADID, MEDICOID)
VALUES (1000020, STR_TO_DATE('24/04/2010 09:00','%d/%m/%Y %H:%i'), STR_TO_DATE('24/04/2010 09:30','%d/%m/%Y %H:%i'), 1000000, 1000002);
INSERT INTO HORARIO (HORARIOID, FECHAINICIO, FECHAFIN, ESPECIALIDADID, MEDICOID)
VALUES (1000021, STR_TO_DATE('24/04/2010 09:30','%d/%m/%Y %H:%i'), STR_TO_DATE('24/04/2010 10:00','%d/%m/%Y %H:%i'), 1000000, 1000002);
INSERT INTO HORARIO (HORARIOID, FECHAINICIO, FECHAFIN, ESPECIALIDADID, MEDICOID)
VALUES (1000022, STR_TO_DATE('24/04/2010 10:00','%d/%m/%Y %H:%i'), STR_TO_DATE('24/04/2010 10:30','%d/%m/%Y %H:%i'), 1000000, 1000002);
INSERT INTO HORARIO (HORARIOID, FECHAINICIO, FECHAFIN, ESPECIALIDADID, MEDICOID)
VALUES (1000023, STR_TO_DATE('24/04/2010 10:30','%d/%m/%Y %H:%i'), STR_TO_DATE('24/04/2010 11:00','%d/%m/%Y %H:%i'), 1000000, 1000002);
INSERT INTO HORARIO (HORARIOID, FECHAINICIO, FECHAFIN, ESPECIALIDADID, MEDICOID)
VALUES (1000024, STR_TO_DATE('20/04/2010 15:00','%d/%m/%Y %H:%i'), STR_TO_DATE('20/04/2010 15:30','%d/%m/%Y %H:%i'), 1000001, 1000003);
INSERT INTO HORARIO (HORARIOID, FECHAINICIO, FECHAFIN, ESPECIALIDADID, MEDICOID)
VALUES (1000025, STR_TO_DATE('20/04/2010 15:30','%d/%m/%Y %H:%i'), STR_TO_DATE('20/04/2010 16:00','%d/%m/%Y %H:%i'), 1000001, 1000003);
INSERT INTO HORARIO (HORARIOID, FECHAINICIO, FECHAFIN, ESPECIALIDADID, MEDICOID)
VALUES (1000026, STR_TO_DATE('20/04/2010 16:00','%d/%m/%Y %H:%i'), STR_TO_DATE('20/04/2010 16:30','%d/%m/%Y %H:%i'), 1000001, 1000003);
INSERT INTO HORARIO (HORARIOID, FECHAINICIO, FECHAFIN, ESPECIALIDADID, MEDICOID)
VALUES (1000027, STR_TO_DATE('20/04/2010 16:30','%d/%m/%Y %H:%i'), STR_TO_DATE('20/04/2010 17:00','%d/%m/%Y %H:%i'), 1000001, 1000003);
INSERT INTO HORARIO (HORARIOID, FECHAINICIO, FECHAFIN, ESPECIALIDADID, MEDICOID)
VALUES (1000028, STR_TO_DATE('22/04/2010 15:00','%d/%m/%Y %H:%i'), STR_TO_DATE('22/04/2010 15:30','%d/%m/%Y %H:%i'), 1000001, 1000003);
INSERT INTO HORARIO (HORARIOID, FECHAINICIO, FECHAFIN, ESPECIALIDADID, MEDICOID)
VALUES (1000029, STR_TO_DATE('22/04/2010 15:30','%d/%m/%Y %H:%i'), STR_TO_DATE('22/04/2010 16:00','%d/%m/%Y %H:%i'), 1000001, 1000003);
INSERT INTO HORARIO (HORARIOID, FECHAINICIO, FECHAFIN, ESPECIALIDADID, MEDICOID)
VALUES (1000030, STR_TO_DATE('22/04/2010 16:00','%d/%m/%Y %H:%i'), STR_TO_DATE('22/04/2010 16:30','%d/%m/%Y %H:%i'), 1000001, 1000003);
INSERT INTO HORARIO (HORARIOID, FECHAINICIO, FECHAFIN, ESPECIALIDADID, MEDICOID)
VALUES (1000031, STR_TO_DATE('22/04/2010 16:30','%d/%m/%Y %H:%i'), STR_TO_DATE('22/04/2010 17:00','%d/%m/%Y %H:%i'), 1000001, 1000003);
INSERT INTO HORARIO (HORARIOID, FECHAINICIO, FECHAFIN, ESPECIALIDADID, MEDICOID)
VALUES (1000032, STR_TO_DATE('24/04/2010 09:00','%d/%m/%Y %H:%i'), STR_TO_DATE('24/04/2010 09:30','%d/%m/%Y %H:%i'), 1000001, 1000005);
INSERT INTO HORARIO (HORARIOID, FECHAINICIO, FECHAFIN, ESPECIALIDADID, MEDICOID)
VALUES (1000033, STR_TO_DATE('24/04/2010 09:30','%d/%m/%Y %H:%i'), STR_TO_DATE('24/04/2010 10:00','%d/%m/%Y %H:%i'), 1000001, 1000005);
INSERT INTO HORARIO (HORARIOID, FECHAINICIO, FECHAFIN, ESPECIALIDADID, MEDICOID)
VALUES (1000034, STR_TO_DATE('24/04/2010 10:00','%d/%m/%Y %H:%i'), STR_TO_DATE('24/04/2010 10:30','%d/%m/%Y %H:%i'), 1000001, 1000005);
INSERT INTO HORARIO (HORARIOID, FECHAINICIO, FECHAFIN, ESPECIALIDADID, MEDICOID)
VALUES (1000035, STR_TO_DATE('24/04/2010 10:30','%d/%m/%Y %H:%i'), STR_TO_DATE('24/04/2010 11:00','%d/%m/%Y %H:%i'), 1000001, 1000005);
INSERT INTO HORARIO (HORARIOID, FECHAINICIO, FECHAFIN, ESPECIALIDADID, MEDICOID)
VALUES (1000036, STR_TO_DATE('19/04/2010 09:00','%d/%m/%Y %H:%i'), STR_TO_DATE('19/04/2010 09:30','%d/%m/%Y %H:%i'), 1000002, 1000004);
INSERT INTO HORARIO (HORARIOID, FECHAINICIO, FECHAFIN, ESPECIALIDADID, MEDICOID)
VALUES (1000037, STR_TO_DATE('19/04/2010 09:30','%d/%m/%Y %H:%i'), STR_TO_DATE('19/04/2010 10:00','%d/%m/%Y %H:%i'), 1000002, 1000004);
INSERT INTO HORARIO (HORARIOID, FECHAINICIO, FECHAFIN, ESPECIALIDADID, MEDICOID)
VALUES (1000038, STR_TO_DATE('19/04/2010 10:00','%d/%m/%Y %H:%i'), STR_TO_DATE('19/04/2010 10:30','%d/%m/%Y %H:%i'), 1000002, 1000004);
INSERT INTO HORARIO (HORARIOID, FECHAINICIO, FECHAFIN, ESPECIALIDADID, MEDICOID)
VALUES (1000039, STR_TO_DATE('19/04/2010 10:30','%d/%m/%Y %H:%i'), STR_TO_DATE('19/04/2010 11:00','%d/%m/%Y %H:%i'), 1000002, 1000004);
INSERT INTO HORARIO (HORARIOID, FECHAINICIO, FECHAFIN, ESPECIALIDADID, MEDICOID)
VALUES (1000040, STR_TO_DATE('21/04/2010 09:00','%d/%m/%Y %H:%i'), STR_TO_DATE('21/04/2010 09:30','%d/%m/%Y %H:%i'), 1000002, 1000004);
INSERT INTO HORARIO (HORARIOID, FECHAINICIO, FECHAFIN, ESPECIALIDADID, MEDICOID)
VALUES (1000041, STR_TO_DATE('21/04/2010 09:30','%d/%m/%Y %H:%i'), STR_TO_DATE('21/04/2010 10:00','%d/%m/%Y %H:%i'), 1000002, 1000004);
INSERT INTO HORARIO (HORARIOID, FECHAINICIO, FECHAFIN, ESPECIALIDADID, MEDICOID)
VALUES (1000042, STR_TO_DATE('21/04/2010 10:00','%d/%m/%Y %H:%i'), STR_TO_DATE('21/04/2010 10:30','%d/%m/%Y %H:%i'), 1000002, 1000004);
INSERT INTO HORARIO (HORARIOID, FECHAINICIO, FECHAFIN, ESPECIALIDADID, MEDICOID)
VALUES (1000043, STR_TO_DATE('21/04/2010 10:30','%d/%m/%Y %H:%i'), STR_TO_DATE('21/04/2010 11:00','%d/%m/%Y %H:%i'), 1000002, 1000004);
INSERT INTO HORARIO (HORARIOID, FECHAINICIO, FECHAFIN, ESPECIALIDADID, MEDICOID)
VALUES (1000044, STR_TO_DATE('23/04/2010 09:00','%d/%m/%Y %H:%i'), STR_TO_DATE('23/04/2010 09:30','%d/%m/%Y %H:%i'), 1000002, 1000004);
INSERT INTO HORARIO (HORARIOID, FECHAINICIO, FECHAFIN, ESPECIALIDADID, MEDICOID)
VALUES (1000045, STR_TO_DATE('23/04/2010 09:30','%d/%m/%Y %H:%i'), STR_TO_DATE('23/04/2010 10:00','%d/%m/%Y %H:%i'), 1000002, 1000004);
INSERT INTO HORARIO (HORARIOID, FECHAINICIO, FECHAFIN, ESPECIALIDADID, MEDICOID)
VALUES (1000046, STR_TO_DATE('23/04/2010 10:00','%d/%m/%Y %H:%i'), STR_TO_DATE('23/04/2010 10:30','%d/%m/%Y %H:%i'), 1000002, 1000004);
INSERT INTO HORARIO (HORARIOID, FECHAINICIO, FECHAFIN, ESPECIALIDADID, MEDICOID)
VALUES (1000047, STR_TO_DATE('23/04/2010 10:30','%d/%m/%Y %H:%i'), STR_TO_DATE('23/04/2010 11:00','%d/%m/%Y %H:%i'), 1000002, 1000004);
INSERT INTO HORARIO (HORARIOID, FECHAINICIO, FECHAFIN, ESPECIALIDADID, MEDICOID)
VALUES (1000048, STR_TO_DATE('20/04/2010 15:00','%d/%m/%Y %H:%i'), STR_TO_DATE('20/04/2010 15:30','%d/%m/%Y %H:%i'), 1000002, 1000005);
INSERT INTO HORARIO (HORARIOID, FECHAINICIO, FECHAFIN, ESPECIALIDADID, MEDICOID)
VALUES (1000049, STR_TO_DATE('20/04/2010 15:30','%d/%m/%Y %H:%i'), STR_TO_DATE('20/04/2010 16:00','%d/%m/%Y %H:%i'), 1000002, 1000005);
INSERT INTO HORARIO (HORARIOID, FECHAINICIO, FECHAFIN, ESPECIALIDADID, MEDICOID)
VALUES (1000050, STR_TO_DATE('20/04/2010 16:00','%d/%m/%Y %H:%i'), STR_TO_DATE('20/04/2010 16:30','%d/%m/%Y %H:%i'), 1000002, 1000005);
INSERT INTO HORARIO (HORARIOID, FECHAINICIO, FECHAFIN, ESPECIALIDADID, MEDICOID)
VALUES (1000051, STR_TO_DATE('20/04/2010 16:30','%d/%m/%Y %H:%i'), STR_TO_DATE('20/04/2010 17:00','%d/%m/%Y %H:%i'), 1000002, 1000005);
INSERT INTO HORARIO (HORARIOID, FECHAINICIO, FECHAFIN, ESPECIALIDADID, MEDICOID)
VALUES (1000052, STR_TO_DATE('22/04/2010 15:00','%d/%m/%Y %H:%i'), STR_TO_DATE('22/04/2010 15:30','%d/%m/%Y %H:%i'), 1000002, 1000005);
INSERT INTO HORARIO (HORARIOID, FECHAINICIO, FECHAFIN, ESPECIALIDADID, MEDICOID)
VALUES (1000053, STR_TO_DATE('22/04/2010 15:30','%d/%m/%Y %H:%i'), STR_TO_DATE('22/04/2010 16:00','%d/%m/%Y %H:%i'), 1000002, 1000005);
INSERT INTO HORARIO (HORARIOID, FECHAINICIO, FECHAFIN, ESPECIALIDADID, MEDICOID)
VALUES (1000054, STR_TO_DATE('22/04/2010 16:00','%d/%m/%Y %H:%i'), STR_TO_DATE('22/04/2010 16:30','%d/%m/%Y %H:%i'), 1000002, 1000005);
INSERT INTO HORARIO (HORARIOID, FECHAINICIO, FECHAFIN, ESPECIALIDADID, MEDICOID)
VALUES (1000055, STR_TO_DATE('22/04/2010 16:30','%d/%m/%Y %H:%i'), STR_TO_DATE('22/04/2010 17:00','%d/%m/%Y %H:%i'), 1000002, 1000005);

INSERT INTO CITA (CITAID, ESTADO, PACIENTEID, HORARIOID)
VALUES (1000000, 'PENDIENTE', 1000008, 1000004);
INSERT INTO CITA (CITAID, ESTADO, PACIENTEID, HORARIOID)
VALUES (1000001, 'PENDIENTE', 1000010, 1000034);
INSERT INTO CITA (CITAID, ESTADO, PACIENTEID, HORARIOID)
VALUES (1000002, 'PENDIENTE', 1000006, 1000038);
INSERT INTO CITA (CITAID, ESTADO, PACIENTEID, HORARIOID)
VALUES (1000003, 'PENDIENTE', 1000010, 1000050);

UPDATE HORARIO SET CITAID = 1000000 WHERE HORARIOID = 1000004;
UPDATE HORARIO SET CITAID = 1000001 WHERE HORARIOID = 1000034;
UPDATE HORARIO SET CITAID = 1000002 WHERE HORARIOID = 1000038;
UPDATE HORARIO SET CITAID = 1000003 WHERE HORARIOID = 1000050;